2023 Mixed Northwest Plains Sectional Championship,Club - Mixed ,9,9,2023
Hartland,WI,2023-09-09,2023-09-10
https://play.usaultimate.org/events/2023-Mixed-Northwest-Plains-Sectional-Championship/schedule/Mixed/Club-Mixed
No Touching!,1
teamInfo,,"Twin Cities, Minnesota",,,https://twitter.com/notouchingult
0,Alex Kensgaard
0,Alyson Gagner
0,Arthur Harris
0,Brenna Sund
0,Brent Novey
0,Daniel Collom
0,Graham Brayshaw
0,Kathryn Cleveland
0,Katie Godfrey
0,Patrick Cashman
0,Rachel Elbing
0,Sam Pepe
0,Sierra Barthen
1,Jeffrey Trosvig
4,Andrew Lawrence
4,Tony Michaelson
7,Jeremiah Gagner
8,Alison Ling
9,Tyler McKean
16,Rebecca Morales
16,Lindsay Trosvig
17,Kristina Golling
78,Jeremy Keiser
88,Patrick Jensen
96,Brian Edgerton
97,Megan Asturias
b,r,e,a,k
The Force,8
teamInfo,,"Minneapolis, Minnesota",,,
0,Albert Wu
0,Amanda Huber
0,Andrew Little
0,April Strzelczyk Haverstock
0,Chizoba Anosike
0,Ella Mullin
0,Grace Taylor
0,Ilian Decorte
0,Jesse Stratton
0,Kyra Grunewald
0,Laura Kiernan
0,Matthew Lingam
0,Miriam Delrahim
0,Russell Smith
0,Stephanie Pieper
0,Sydney Pomish
0,Tyler Haverstock
0,Zoe Bakken-Heck
3,Remy Eisendrath
3,Andrew Pipp
13,Gabriel Driscoll
25,Anna Schmalzel
34,Louis Stein
43,Nathan Wang
46,Miriam Tibbetts
68,Cameron Dolbow
b,r,e,a,k
Lake Superior Disc,9
teamInfo,,"Duluth, Minnesota",,,
0,Cole Carignan
0,Mara Halls
02,Brett Sullivan
03,Paul Valley
04,Ryan Nord
05,Aaron Kueffer
07,Logan Rudolph Lavalier
08,Ben Nicklay
09,Nick Budnik
10,Yiming Liu
11,Zach Wood
13,Sam Voigt
14,Jill Geyer
16,Cedar Corey Flatau
17,Olivia Haller
19,Ella King
21,Tony (Anthony) Cuneo
24,Sarah Lehnertz
28,Karisa Mueller
33,Tabler Elliott
42,Sarah Bakko
71,Aaron Pinney
73,Ashley Kantor
87,Clayton Donajkowski
93,Ann Farley
97,Rachael Lamman
b,r,e,a,k
Minnesota Star Power,2
teamInfo,,"Minneapolis/ St. Paul, Minnesota",http://minnesotastarpower.weebly.com/,http://www.facebook.com/MinnesotaStarPower/,https://twitter.com/mnstarpower
0,Danny Hobday
0,Erin McFadden
0,Eugenia Garza
0,Joey Tillman
0,Julia Hill
0,Kajsa Beatty
0,Kelsey Peterson
0,Kevin Ruda
0,Liliana Hobday
0,Bradley Malmsten
0,Cameron Lacy
0,Claire Cech
0,Ming Cheng Chew
0,Nick Heid
0,Peter Rogers
0,Rachel Thompson
0,Rebecca Kline
0,Steven Anderson
0,Marin Ryan
0,Tom Hobday
1,Cole Jensen
2,Michelle Christy
10,Tristan Grovender
16,Lisa Barnes
17,Taylor Van Oosbree
44,Tracie Anderson
b,r,e,a,k
Underdogs,10
teamInfo,,"St. Paul, Minnesota",,,
0,Erin Moeller
0,Felicia Walker
0,Henry Weismann
0,Jack Keller
0,Jessica Sigler
0,Katherine Giorgio
0,Katie Sherer
0,Kiernan Bartlett
0,Athena Bolton-Steiner
0,Benjamin Westergren
0,Chase Claflin
0,Mason Meyer
0,Matt (Blue) Pasiuk
0,Sean Prichard
0,Shannon Hayes
2,Christina Lacher
4,Emmett Forster
7,Madeline Crockett
7,Charles Schulz
25,Sadie Haas
26,Alyson Sato
28,Laura Osterlund
45,Thomas Mattimiro
54,Sawyer Neske
69,Dylan Lian
b,r,e,a,k
Boomtown Pandas,7
teamInfo,,"Madison, Wisconsin",,https://www.facebook.com/BoomtownPandas/,https://twitter.com/boomtownpandas
00,Benjamin Bates
00,Cadence Sawyer
00,Daniel Seybold
00,Laura Knepel
00,Lizabeth Held
00,Lue Yang
00,Maddie Schneider
00,Matthew Wykle
00,Maxwell Underhill
00,Eli Melnick
00,Thomas Hotvedt
00,Yujia Huo
02,Edward Kaul
04,Brooke Schoepp
05,KATIE SILVERIA
18,April Peterson
22,Harry Moore
25,Michael Van Haren
32,Molly Snow
33,Aidan Boyle
42,Britney Lane
61,Reed Gardner
64,Rachel Martin
77,Catherine Kuecker
88,Chris Sykes
94,Derek Weisberg
b,r,e,a,k
Northern Comfort,3
teamInfo,,"Milwaukee, Wisconsin",,https://www.facebook.com/northerncomfortultimate/,https://www.twitter.com/nocoultimate
coaches,Nick Hwang
0,Francis Kelley
0,Jake Leutenegger
0,Adam Klopfenstein
0,Mackenzie Carpenter
8,Rozelynn Becker
9,Grace Zucchero
00,Greg Maddox
00,Jacob Scobey-Polacheck
00,Andrew Fischer
00,Austin Johnson
00,Claire Kelley
00,Elliott Blackburn
00,Jane Zheng
00,Joe M Rogers
00,Joseph Blankenheim
00,Kaleigh Wurster
00,Leann Malenke
00,Liam Scobey-Polacheck
00,Molly Watson
00,Morgan Klug
00,Olivia Casper
00,Rachel Moore
00,Raleke Hughes
20,Alex Ballinger
22,Max Carpenter
59,Todd Miller
b,r,e,a,k
Pandamonium,6
teamInfo,,"Saint Paul, Minnesota",,,https://twitter.com/pandamentals
0,Alison Kidd
0,Brigitte Forster
0,Bryan Soto
0,Eric Alexander
0,Eric Vandermolen
0,Erik Bredesen
0,Erin Henry
0,Jesse Peterson-Brandt
0,Jessie Lambert
0,Katherine Johnson
0,Kevin Pochatila
0,Mito Imagawa
0,Peter Schmitt
0,Stephanie O'Connor
0,Whitney Leming-Salisbury
2,Ben Finkelstein
4,Chuck  Dudek
15,Linette Maeder
22,Mikhail Golben
23,William Stafford
25,Joe Moravec
47,Ian Andre-Knudsen
53,Katherine Frantz
76,Erin Moravec
89,Micah Peterson-Brandt
b,r,e,a,k
Dinosaur Fancy,11
teamInfo,,"Madison, Wisconsin",,,
0,Benjamin Hsu
0,Cassandra Meixelsperger
0,Colin Punt
0,David Moskoff
0,John Schaefer
0,John Miller
0,Katherine Magruder
0,Lauren Shaw
0,Lyndsy Showers
0,Margaret Punt
0,Melisa Wittkowske
0,Nathan Kleinhans
0,Jessica Hua
0,Rachel Taylor
7,John Pavek
10,Matt Schuster
25,Nina Nelsestuen
32,Jessica Schuster
43,Toby Wex
84,Vincent Hsu
88,Paul Bolanowski
95,Glenn Poole
b,r,e,a,k
Mousetrap,4
teamInfo,,"Madison, Wisconsin",,https://www.facebook.com/mousetrapulti,https://twitter.com/MouseTrapUlti
0,Alex Larsen
0,Alexander Gravatt
0,Camille O'Connell
0,Catherine Morita
0,Danielle Larson
0,Genevieve  Dockry 
0,Henry Fremont
0,Ida Sobotik
0,Jacob Johnson
0,Jacob Calbaum
0,Jami Riley
0,Kali Stanger
0,Kelsie Tingle
0,Lily Mae Abels
0,Margo Stanger
0,Noah Petersen
0,Sef van Kan
0,Spencer Olsson
1,August Williams
7,Zeke Witter
8,Samuel Erickson
8,Ben Schewe
11,Benjamin Liska
13,Preet Talwar
28,Eleanor Knauss
49,Benjamin Petersen
b,r,e,a,k
Point of No Return,5
teamInfo,,"Stevens Point, Wisconsin",,https://www.facebook.com/PointOfNoReturnUltimate/,@PointUltimate
03,Julie Edwards
05,Nathan Daily
06,Kevin Reimer
07,Thomas Roltgen
08,Kylie Abel
09,Grant Hellestad
10,Pedro Ivo Saldanha
11,Angela Roltgen
13,Zach Lepak
14,KRISTINA INGROUILLE
15,Abby Jones
16,Kylie Macdonald
17,Katie Daily
19,Jade Pritzl
20,David Jones
21,Joel Hielema
22,Kaitlin Woyak
23,Austin Zdroik
24,Amanda Hellestad
28,Anna Whitford
31,Steve Piazza
34,Trevor Pritzl
40,Joe Verstegen
44,Steven Swan
59,rebecca marsh
87,David Horgan
b,r,e,a,k
Midnight Nut Busters,12
teamInfo,,"Houghton, Michigan",,,
0,Donn Bacon
0,Haniya Frayer
0,Hayden Huckins
0,Hugh Hanlon
0,Jenna Hausman
0,Jonna Frayer
0,Justin Marshall
0,Katy Krieger
0,Lauren Saulino
0,Aaron Wildenborg
0,Autumn Sanford
0,Makenna Dawson
0,Megan  Huggett
0,Samuel (Sam) Hotchkiss
0,Serenity  Snyder
0,Tessa Meyer
7,Colin Donajkowski
10,Liam Guenin
11,Ryan Schwartz
17,Marite Olmstead
20,Ryan Cole
37,Matthew Krause
45,Matthew Oujiri
69,Chandler Carey
95,Zach Dix
98,Mark Fieweger
b,r,e,a,k
Bantr,21
teamInfo,,"Minneapolis, Minnesota",,,
0,Anna Williams
0,Dan Kresowik
00,Dave Truesdale
00,Doug Jacobs
00,Jaime Glader
00,James Kittlesen
00,Jennie Zumbusch (Akerstrom)
00,Josh Hemmesch
00,Kevin Seiler
00,Lana Seiler
00,Blake Larson
00,Brian Larson
00,Dan Hunt
00,Alexander Baker
00,Alicia Morrison
00,Anna Hron
00,Anna Hagstrom
00,Lori Eich
00,Melissa Gibbs
00,Meredith Bray
00,Michael Swain
00,Mikayla Slimmer
00,Patrick Niles
00,Rachel Derscheid
00,Stephanie Jacobs
27,Lionel Wininger
b,r,e,a,k
Pushovers,24
teamInfo,,"Lake Elmo, Minnesota",,,
0,Alexander Kucich
0,Erick Knudson
1,Derek Anderson
2,Tyler Wolf Williams
3,Carly Rasmussen
4,Hannah Hackenmueller
6,Abigail Skerker
7,Michael Scharlau
8,Erin Marshall
9,Kendra Anderson
10,Kyra Anderson
11,Lucas Bulger
12,Joseph Ling
15,Harper Brooks-Kahn
18,Eleanor Vandel
21,Donovan ODowd
31,Ross Screaton
34,Madeline Scott
38,Emilia Porter
39,Elizabeth Curtiss
42,Sam Baker
62,Marcus Cannon
95,Eric Volkmeier
98,Bryan Kim
b,r,e,a,k
Mastodon,29
teamInfo,,"Madison, Wisconsin",,https://www.facebook.com/MastodonUltimate/?ref=aymt_homepage_panel,https://www.twitter.com/MastodonUlti
0,Emma Petersen
0,Erik Nuenninghoff
0,Sarah Fahlberg
0,Veronica Judson
1,Caitlin Clevenger
3,Aidan Euclide
3,Aurora Purper
5,Jonathan Pizzo
6,Nicholas Tangwall
7,David Cann
10,Ansley Williams
12,Zach Laubscher
16,Paul Scudder
17,Tyler Stiers
18,Brooke Lewis
20,Noah Webster
24,Veiga Goethel
25,Kyle West
28,Isaac Fine
31,Thomas Jungbluth
33,Jared Scheinberg
37,Anna  Goforth
79,Yiran Li
88,Rachel Coile
b,r,e,a,k
Frostbite,27
teamInfo,,"Milwaukee, Wisconsin",,,
0,Amanda Bartz
0,Mark Hwang
1,Hanna Leight
2,Oliver Rytman
3,Carly Serketich
4,Ali Shamsa
7,Jared Peyer
9,Hayes Barry
10,Charlette Peyer
11,Julie Haley
12,Heather Erickson
13,Megan Wetzell
14,Jeffery  Schubert
15,Carli Wood
17,Peyton Miller
18,Asa Hatcher
22,Donna January
23,Adam Wadlington
24,Erin Koth
25,TJ BARTCZAK
26,Chris Kuecker
27,Kensington Naze
30,Tyler Ignatowski
33,Fiona McGilligan
42,Daniel Burss
89,DEVON ARMSTRONG
b,r,e,a,k
Melt,26
teamInfo,,"Saint Paul, Minnesota",,https://www.facebook.com/MeltUltimateMN/,https://twitter.com/MeltUltimateMN
0,Frieda Manthei
0,Harper McIntyre
0,Lauren Thon
0,Michael Hall
3,John Hall
00,Julia Solberg
00,Madison  Deile
00,Maggie  Grunow 
00,John Simpson
00,Hailey Shoemaker
00,Hannah Higar
00,Alex Kaplan
00,Alexis Trousil
00,Alyssa Kleppe
00,Arthur Cheney
00,Caitlin Martin
00,Charlie Enders
00,Chase Lemley
00,Daniel Herrera
00,Everett Ries
00,Patrick Wozniak
00,Riley Higar
00,Sam Eherenman
00,Sarah Christie
00,Vincent Vik
b,r,e,a,k
Mad Udderburn,22
teamInfo,,"Madison, Wisconsin",https://www.Instagram.com/madudderburn,https://www.facebook.com/MadUdderburn,https://twitter.com/mad_udderburn
0,Paige Steinbauer
01,Grace Compton
02,Hannah Nygard
04,Joey Knutson
09,Joshua Wilson
11,Brittany Hoegh
12,Lauren Bradshaw
13,Tino Magazzolo
15,Finwe Wiedenhoeft
18,Julia Sauerhaft
19,Peter Reinhart
21,Taylor Grace Zietz
24,Bo Strauss
25,Abby Davison
26,Thomas Guerin
27,Clay Schelitzche
28,Grace Allas
29,Peter Scott
33,Justin Chenevert
34,Matthew Becker
41,Molly Schelitzche
49,Nicholas Gerber
49,Isaac Griffin-Wiesner
73,Betsy Wallace
77,Jacob Waltz
99,Jessica Liu
b,r,e,a,k
Bird,33
teamInfo,,"Minneapolis, Minnesota",http://www.birdultimate.com/,https://www.facebook.com/BirdUltimate,https://twitter.com/MNBirdUltimate
0,John Mai
02,Makayla Jones-Klausing
03,Greta Friedrichs
04,Katherine Wilmes
05,Andrew Johnson
06,Olivia Peer
08,Simon Koeper
09,Eva Clements
11,Nora Mitchell
12,Aidan Clements
14,Tyler Latham
15,Wyatt Crow
17,Katie Fan
18,Ryan Harvey
19,Eva Fischer
20,Eleanor Heberlein
22,Natalie Cooper
23,David Stemper
24,Nathan Phillips
27,Leslie Boey
28,Caleb Griffiths
29,Lauren Roach
38,Noah Johnson
42,Anna Ruehlow
91,Oscar Leinbach
92,Jack Mallmann
b,r,e,a,k
Great Minnesota Get Together,28
teamInfo,,"Falcon Heights, Minnesota",,,
0,Austin Downs
0,Daniel Le-Tran
0,Dustin Berglin
0,Eric Leppink
0,Kevin Gresmer
0,Leah Dumancas
0,Sean Krohse
0,Sigrid Stensvold
0,Sonja Burseth
2,Trevor Ruwitch
3,Michelle Keohane
11,Katie Pace
12,Ryan Reding
15,David Palo
17,Ellie Clarin
20,Jennifer Degen
22,Lauren McPherson
23,Dan Monfre
24,Matthew Bailey
32,Charles Robshaw
37,Daniel Snyder
38,Alexis Wood
60,Paul Westin
88,Melissa Lo
91,David McNeil
92,Sarah Espinoza
b,r,e,a,k
Madison United Mixed Ultimate,25
teamInfo,,"Madison, Wisconsin",,,
0,Cadence  Schaal 
0,Carrina DaBroi
0,Ellie Cahill
0,Keith McCarthy
0,KYLIE MOYNIHAN
0,Megan Childers
0,Vikas Biliyar
0,Vincent Pak
1,Kara Vogel
3,Jordan Speicher
5,Hannah Rapp
7,Carolyn Juergens
8,Thomas Schiltz
10,James Rosenberger
12,Kaylin Weber
12,Kevin Scopoline
13,Luke Bodnar
14,Abby Seltzer
16,Alec Li
17,Anna Wozniak
20,Zach Hallum
22,Maximilian Nytko
64,Aaron Rapp
79,Amanda Strickland
89,Patrick Kopp
99,Emma Cosby
b,r,e,a,k
Mad City Vibes,30
teamInfo,,"Madison, Wisconsin",http://madcityvibes.com/,https://www.facebook.com/madcityvibes,
coaches,Craig Howering
0,Beau Berger
0,Hannah Segaloff
01,Ramsey Rossmann
02,Theresa Olson
08,Ryan Sokup
09,Sidney Litke
11,Alex Piff
14,Anna Robinson
16,Phillip Hoffmann
18,Anna Jenstead
20,Natalie  Levine
21,Jake Illing
22,Rebecca Rutledge
23,Jayd Phelps
24,Peter Tavolacci
28,Megan Sokup
30,Aaron Michaud
38,Grant Hallan
42,Bryan Ritter
56,Blair Fogeltanz
67,Caleb Main
71,Sean Cassidy
80,Rachel Haines
81,Flynn Vogt
86,Matt LaFever
96,Dayna VandenAvond
b,r,e,a,k
s,t,a,g,e,s
pools,Subsection One Pool Play
pool,Pool A
No Touching!,Lake Superior Disc,15,8,"09/09/2023, 09:00",Pool A,Final
No Touching!,The Force,15,9,"09/09/2023, 11:00",Pool A,Final
The Force,Lake Superior Disc,0,0,"09/09/2023, 13:00",Pool A,Scheduled
pool,Pool B
Minnesota Star Power,Underdogs,15,4,"09/09/2023, 09:00",Pool B,Final
Minnesota Star Power,Boomtown Pandas,15,3,"09/09/2023, 11:00",Pool B,Final
Boomtown Pandas,Underdogs,0,0,"09/09/2023, 13:00",Pool B,Scheduled
pool,Pool C
Northern Comfort,Dinosaur Fancy,15,6,"09/09/2023, 09:00",Pool C,Final
Northern Comfort,Pandamonium,15,8,"09/09/2023, 11:00",Pool C,Final
Pandamonium,Dinosaur Fancy,0,0,"09/09/2023, 13:00",Pool C,Scheduled
pool,Pool D
Mousetrap,Midnight Nut Busters,15,7,"09/09/2023, 09:00",Pool D,Final
Mousetrap,Point of No Return,11,12,"09/09/2023, 11:00",Pool D,Final
Point of No Return,Midnight Nut Busters,0,0,"09/09/2023, 13:00",Pool D,Scheduled
b,r,e,a,k
brackets,Subsection One Bracket Play
bracket,SS1 1st Place
bracket,SS1 2nd Place
bracket,SS1 5th Place
bracket,SS1 7th Place
bracket,SS1 9th Place
bracket,SS1 11th Place
b,r,e,a,k
pools,Subsection Two Pool Play
pool,Pool E
Frostbite,Mastodon,9,11,"09/09/2023, 09:00",Pool E,Final
Pushovers,Melt,13,7,"09/09/2023, 09:00",Pool E,Final
Bantr,Melt,13,5,"09/09/2023, 10:45",Pool E,Final
Pushovers,Frostbite,13,4,"09/09/2023, 10:45",Pool E,Final
Bantr,Mastodon,13,5,"09/09/2023, 12:30",Pool E,Final
Melt,Frostbite,0,0,"09/09/2023, 12:30",Pool E,Scheduled
Bantr,Frostbite,0,0,"09/09/2023, 14:15",Pool E,Scheduled
Pushovers,Mastodon,0,0,"09/09/2023, 14:15",Pool E,Scheduled
Bantr,Pushovers,0,0,"09/09/2023, 16:00",Pool E,Scheduled
Melt,Mastodon,0,0,"09/09/2023, 16:00",Pool E,Scheduled
pool,Pool F
Great Minnesota Get Together,Mad City Vibes,13,10,"09/09/2023, 09:00",Pool F,Final
Bird,Madison United Mixed Ultimate,10,9,"09/09/2023, 09:00",Pool F,Final
Mad Udderburn,Madison United Mixed Ultimate,13,7,"09/09/2023, 10:45",Pool F,Final
Bird,Great Minnesota Get Together,13,6,"09/09/2023, 10:45",Pool F,Final
Mad Udderburn,Mad City Vibes,13,2,"09/09/2023, 12:30",Pool F,Final
Madison United Mixed Ultimate,Great Minnesota Get Together,0,0,"09/09/2023, 12:30",Pool F,Scheduled
Mad Udderburn,Great Minnesota Get Together,0,0,"09/09/2023, 14:15",Pool F,Scheduled
Bird,Mad City Vibes,0,0,"09/09/2023, 14:15",Pool F,Scheduled
Mad Udderburn,Bird,0,0,"09/09/2023, 16:00",Pool F,Scheduled
Madison United Mixed Ultimate,Mad City Vibes,0,0,"09/09/2023, 16:00",Pool F,Scheduled
b,r,e,a,k
brackets,Subsection Two Bracket Play
bracket,SS2 1st Place
bracket,SS2 2nd Place
bracket,SS2 5th Place
bracket,SS2 9th Place
b,r,e,a,k
brackets,SECTIONAL CHAMPION
bracket,SECTIONAL CHAMPIONSHIP
b,r,e,a,k
