Northwest Fruit Bowl 2022,Club - Mixed ,20,8,2022
Federal Way,WA,2022-08-20,2022-08-21
https://play.usaultimate.org/events/Northwest-Fruit-Bowl-2022/schedule/Mixed/Club-Mixed
BFG,2
teamInfo,,"Seattle, Washington",,,https://twitter.com/SeattleBFG
 ,Anna Cauchy
 ,David Zhou
 ,Jennifer Ricaurte
 ,Kimberly Schlesinger
 ,Mario O'Brien
0,Martin Le
0,Corbin Atack
0,Emily  Cai
0,Jack Verzuh
0,Jason Yun
0,Brent Lo
11,Austin Barden
12,Kaitlynne Roling
14,Mohammud Tilmo
15,Eliana Moskovitz
17,Thomas Li
18,Conor Belfield
20,Alexa Kirkland
23,Linnea Soo
24,Cheryl Hsu
25,Tommy Lin
28,Leah Bar-On Simmons
30,Sarah Benditt
62,Karen Hill
66,Sam Pickel
88,Linh Hoang
b,r,e,a,k
Bullet Train,12
teamInfo,,"Seattle, Washington",http://bullettrainultimate.com,,https://twitter.com/BulletTrainUlti
01,Nicholas Mahan
03,Krysia Davis
04,Andrew Page
06,Devon Chapman
07,Allen Rishel
09,Zac Nix
11,Zachery Laycock
13,Jessica Haga
14,Brian Wandrei
17,Melinda Ding
21,Ryan Shin
23,Lauren Meyer
27,Rachel Beaton
32,John Mattes
33,Manish Tulzapur
36,Louie Bertoncin
36,Daniel Boynton
42,Chauncey Holland
44,Ximenna Hofsetz
45,Maryjo Sampang
47,Minah Choi
72,Hannah DeVault
97,Vincent Chase
b,r,e,a,k
California Burrito,6
teamInfo,,"San Diego, California",https://www.instagram.com/california_burrito_ultimate/,,
 ,Alistair McIntyre
 ,Bernadette Hsu
 ,Casey Shugarman
 ,Julia Salvacion
 ,Deanna Abrams
0,Ethan Li
0,Ilse  Maldonado Mandujano 
0,Jordan Denecour
0,Lauren Stuart
0,Liana Lin
0,Mazden Mastromauro
0,Nicole Love
0,Nolan Schmalenberger
0,Peter Osseward
0,Sara Zhang
0,Tim Klacik
0,Zac Goldberg
0,Zoe Tessler
0,Catherine Trevino
0,Christina Debowski 
0,Blair Messner
0,Anders Ruden
0,Benjamin Eto
0,Aaron Coble
0,Abe Shklar
b,r,e,a,k
Lights Out,9
teamInfo,,"Seattle, Washington",,https://www.facebook.com/Lights-Out-Ultimate-982520691925825/,https://twitter.com/LightsOutUlti
coaches,Stephen Semmens
0,Cris Hollyfield
02,Patrick Brady
03,Iris Lippert
04,Phillip Young
06,Roy Fang
07,Dharma Khalsa
10,Katherine Speck
14,Jessica Zaslove
15,Grayson Hoffman
16,Lily Zhang
17,Rio Kimura
18,Anna Chute
20,Luke Jesperson
21,Maya Kalmus
23,Emily Traylor
24,Jacob Cohen
25,Gavin Sing
26,Alex Fussell
32,Daniel Walton
40,Ky Lewis IV
47,Aakar Mehra
64,Bryan Bernard
71,Eric Hemphill
77,Emily Beylerian
81,Ezra Schiff
99,Kyle Terriere
b,r,e,a,k
Polar Bears,1
teamInfo,,"San Francisco Bay Area, California",http://www.pbrawr.com,https://www.facebook.com/pbrawr/,https://twitter.com/pbrawr
coaches,Daniel Naruo
02,Molly Munson
03,Amanda Meroux
04,Gabriel Edwards
05,Aaron Shi
06,Qingyun Lu
07,Charles Cao
11,Carolyn Drewry
12,Ziyue Chen
13,Robert Yeagle
16,Vincenzo Vitiello
17,Margot Stert
18,Nicholas Alexander
20,Maddy Fisher
22,Andrew Ouyang
25,Jonah Malenfant
32,Margo Donahue
33,Anna MacNaughton
35,Piers MacNaughton
36,Sara Nolan
40,Mac Taylor
51,Jesse Song
72,Devin Drewry
90,Saul Wildavsky
97,Ryan Hoffman
99,Alexander Pan
b,r,e,a,k
Hive,10
teamInfo,,"Portland, Oregon",,https://www.facebook.com/HiveUltimate,https://twitter.com/Hive_Ultimate
 ,Avery Laliberte
0,Azen Jaffe
0,Colleen Nakanishi
0,Devon Graham
0,Elisabeth Lux
0,Alexander Vencill
0,Andrew Akins
0,Annalise Heuser
0,Jack Carol
0,Jeremy Randolph-Flagg
0,Kim Dorr
0,Lauren Lynch
0,Leo Finley
0,Maddy Wagar
0,Nathan Braun
0,Noah Stuart
0,Rosemarie Terner
0,Samuel Adamson
0,Timothy Wood
0,William Beck
12,Sara Spring
21,Jacob Artz
23,Abbe  Domenick 
32,Emily Hays
b,r,e,a,k
Seattle Mixtape,5
teamInfo,,"Seattle, Washington",,https://www.facebook.com/206ghettobirds/,https://twitter.com/SeattleMIXtape
01,Kelly Johnson
02,Kieran Kelly
03,Cam Bailey
04,Kat Songer
07,Frances Gellert
08,Kahyee Fong
09,Jennifer Cogburn
10,Lexi Garrity
13,Gabriel Ryan
16,Zach Sabin
18,Husayn Carnegie
19,Alexa Romersa
21,Jesse Bolton
22,Evan Klein
23,William Katz
27,Dominic Cavalero
58,Paige Kercher
60,Bradley Houser
71,Arianne Lozano
86,Denise Blohowiak
90,Qxhna Titcomb
99,Khalif El-Salaam
b,r,e,a,k
Mile High Trash,7
teamInfo,,"Denver, Colorado",,,
0,Haley Sanner
0,Jonathan Stirk
0,Jordan Wilkins
00,Michael Stevens
04,Tyler Nguyen
05,Son Nguyen
07,Janie Mockrish
08,Julia Lober
09,Charles Cannon
10,Tristan Weber
12,James Shanahan
13,Hill Balliet
15,Alyse Doperalski
16,Abigail Thorpe
17,Zane Barber
22,Allysha Dixon
23,Steven Wick
24,Megan Jameson
25,Emily Harrell
31,Courtney Ngai
34,Ingrid Petterson
46,Austin Bonelli
51,Max Hamilton
69,Bristol Lovoy
84,Hallie Dunham
b,r,e,a,k
Mischief,4
teamInfo,,"San Francisco Bay Area, California",,https://www.facebook.com/MischiefUltimate/,https://twitter.com/mischief_nation
coaches,Andrew Berry
 ,Christopher Lung
 ,Jaclyn Wataoka
 ,Kitty Cheung
 ,McKinley McQuaide
 ,Mitchell Sayasene
 ,Munis Thahir
 ,Ellen Yuska
 ,Pin-Wen Wang
 ,Samantha Loop
0,Vicki Chen
0,Vivian Chu
0,Robin Meyers
0,Emilia (Mia) Bladin
0,Patricia Anderson
0,Kyle Johnson
0,Lily Steponaitis
0,Matthew Crawford
0,Max de Visser
0,Jeffrey He
0,Jordan Jeffery
0,Julia Mankoff
0,Keenan Laurence
0,Cory Fauver
0,Daniel Speer
0,Beth Daviess
0,Brett Petersen
b,r,e,a,k
Birdfruit,11
teamInfo,,"Seattle, Washington",https://seattlebirdfruit.com,https://facebook.com/seattlebirdfruit,https://twitter.com/bird_fruit
 ,Emma Pua’a
 ,Kelsey Foster
 ,Lauren Pattie
 ,Melanie Lindsey
 ,Nicole Cramer
 ,Sam Landesberg
 ,Taylor Hartman
03,Benjamin Ostman
13,Jacob Lambert
14,Peter Geertz-Larson
15,Derek Mourad
16,Alexander Trautman
17,Molly Wieringa
19,Chris Roach
20,Will Herold
24,Stephen Burkot
27,Tom Crawford
29,Michael Buyco
32,Souma Yabuki
33,Catherine (Cate) Roscoe
44,Grace Young
53,Arjun Kumar
66,Jennifer Norris
79,Lyda Harris
89,Sophia Scofield-Selby
91,Craig Harkey
b,r,e,a,k
Donuts,8
teamInfo,,"Bay Area, California",http://www.instagram.com/donutsultimate,https://www.facebook.com/DonutsUltimate/?pnref=story,https://twitter.com/donuts_ultimate
01,Geoff Rexroth
02,Scott Miller
04,Gianna Tesler
06,Christina Casler
07,Jonathan Goldsmith
08,Adam Koren
09,Victor Zhou
12,Visakha Hoang
15,Marissa Lerner
18,Joseph Gagliano
19,Megan Nguyen
21,Alexander You
22,Karin  Lin
23,Caylin Gentile
27,Rachel Anderson
28,Katie Palmer
29,Jackson Allen
33,Samantha Hing
37,Daniel Zakaria
44,Ella Dzenitis
53,Matthew Ferrari
64,Marcello Molinaro
77,Alec Surmani
89,Brianna Bright
94,Sarafina Angstadt-Leto
97,Jeremie Gabor
b,r,e,a,k
MOONDOG,3
teamInfo,,"Montana, Montana",,,https://twitter.com/MoondogUltimate
 ,Casey Brandon
 ,Demri Horton
 ,Lucia Williams
 ,Matt Konen
0,Noah Fisher
0,Jake Ralston
0,Ben Perkel
0,Catie Carson
0,Davis Mossman
0,Abbey Hustis
0,Addie Thompson
0,Albany Jessop
0,Scott Glickman
0,Tara Santi
0,Lisa Keller
0,Liz Grimes
11,Kyla Crisp
12,Kari Shelkey
18,Ethan Yourd
25,Andrew Shanafelt
26,Sam Hines
29,Zach Baumann
33,Genesea Meha
39,Tyler Albrethsen
42,Kevin Ryder
55,Tyler Honsinger
b,r,e,a,k
s,t,a,g,e,s
clusters,Saturday Chaos Round Robin
cluster,RR
BFG,Bullet Train,13,7,"08/20/2022, 09:00",,Final
California Burrito,Lights Out,12,13,"08/20/2022, 09:00",,Final
Polar Bears,Hive,13,6,"08/20/2022, 09:00",,Final
Seattle Mixtape,Mile High Trash,13,9,"08/20/2022, 09:00",,Final
Mischief,Birdfruit,13,12,"08/20/2022, 09:00",,Final
BFG,Donuts,13,8,"08/20/2022, 10:50",,Final
MOONDOG,California Burrito,13,11,"08/20/2022, 10:50",,Final
Polar Bears,Mile High Trash,13,7,"08/20/2022, 10:50",,Final
Mischief,Bullet Train,13,8,"08/20/2022, 10:50",,Final
Seattle Mixtape,Birdfruit,13,7,"08/20/2022, 10:50",,Final
MOONDOG,Lights Out,13,6,"08/20/2022, 12:40",,Final
California Burrito,Bullet Train,13,6,"08/20/2022, 12:40",,Final
Mile High Trash,Birdfruit,9,11,"08/20/2022, 12:40",,Final
Donuts,Hive,11,10,"08/20/2022, 12:40",,Final
BFG,California Burrito,13,8,"08/20/2022, 14:30",,Final
MOONDOG,Mischief,11,12,"08/20/2022, 14:30",,Final
Polar Bears,Lights Out,13,2,"08/20/2022, 14:30",,Final
Seattle Mixtape,Donuts,13,7,"08/20/2022, 14:30",,Final
Hive,Birdfruit,8,13,"08/20/2022, 14:30",,Final
MOONDOG,Hive,13,8,"08/20/2022, 16:20",,Final
Mischief,Seattle Mixtape,6,13,"08/20/2022, 16:20",,Final
Polar Bears,BFG,7,11,"08/20/2022, 16:20",,Final
Mile High Trash,Donuts,11,13,"08/20/2022, 16:20",,Final
Lights Out,Bullet Train,8,12,"08/20/2022, 16:20",,Final
b,r,e,a,k
brackets,Sunday Bracket
bracket,Championship
Seattle Mixtape,BFG,10,13,"08/21/2022, 14:30",Finals,Final
Seattle Mixtape,Polar Bears,13,10,"08/21/2022, 12:40",Semis,Final
Mischief,BFG,8,13,"08/21/2022, 12:40",Semis,Final
Seattle Mixtape,California Burrito,13,12,"08/21/2022, 10:50",Quarters,Final
Bullet Train,Polar Bears,10,12,"08/21/2022, 22:50",Quarters,Final
MOONDOG,Mischief,11,13,"08/21/2022, 10:50",Quarters,Final
Lights Out,BFG,4,13,"08/21/2022, 10:50",Quarters,Final
California Burrito,Mile High Trash,13,9,"08/21/2022, 09:00",Pre-Quarters,Final
Birdfruit,Bullet Train,6,12,"08/21/2022, 09:00",Pre-Quarters,Final
Mischief,Hive,13,9,"08/21/2022, 09:00",Pre-Quarters,Final
Donuts,Lights Out,8,13,"08/21/2022, 09:00",Pre-Quarters,Final
bracket,3rd Place
Polar Bears,Mischief,1,0,"08/21/2022, 14:30",3rd Place,Final
bracket,5th Place
California Burrito,Lights Out,13,7,"08/21/2022, 14:30",5th Place,Final
California Burrito,Bullet Train,12,7,"08/21/2022, 12:40",5th Place Semis,Final
MOONDOG,Lights Out,10,11,"08/21/2022, 12:40",5th Place Semis,Final
bracket,9th Place
Mile High Trash,Hive,10,7,"08/21/2022, 14:30",9th Place,Final
Mile High Trash,Birdfruit,9,8,"08/21/2022, 10:50",9th Place Semis,Final
Hive,Donuts,11,10,"08/21/2022, 12:40",9th Place Semis,Final
bracket,11th Place
Birdfruit,Donuts,6,11,"08/21/2022, 14:30",11th Place,Final
b,r,e,a,k
